-- MySQL dump 10.13  Distrib 8.0.21, for macos10.15 (x86_64)
--
-- Host: 127.0.0.1    Database: mydb
-- ------------------------------------------------------
-- Server version	8.0.21

/*!40101 SET @OLD_CHARACTER_SET_CLIENT=@@CHARACTER_SET_CLIENT */;
/*!40101 SET @OLD_CHARACTER_SET_RESULTS=@@CHARACTER_SET_RESULTS */;
/*!40101 SET @OLD_COLLATION_CONNECTION=@@COLLATION_CONNECTION */;
/*!50503 SET NAMES utf8 */;
/*!40103 SET @OLD_TIME_ZONE=@@TIME_ZONE */;
/*!40103 SET TIME_ZONE='+00:00' */;
/*!40014 SET @OLD_UNIQUE_CHECKS=@@UNIQUE_CHECKS, UNIQUE_CHECKS=0 */;
/*!40014 SET @OLD_FOREIGN_KEY_CHECKS=@@FOREIGN_KEY_CHECKS, FOREIGN_KEY_CHECKS=0 */;
/*!40101 SET @OLD_SQL_MODE=@@SQL_MODE, SQL_MODE='NO_AUTO_VALUE_ON_ZERO' */;
/*!40111 SET @OLD_SQL_NOTES=@@SQL_NOTES, SQL_NOTES=0 */;

CREATE DATABASE mydb;

USE mydb;
--
-- Table structure for table `ELEMENTOS_MEDICION`
--

DROP TABLE IF EXISTS `ELEMENTOS_MEDICION`;
/*!40101 SET @saved_cs_client     = @@character_set_client */;
/*!50503 SET character_set_client = utf8mb4 */;
CREATE TABLE `ELEMENTOS_MEDICION` (
  `ID` int NOT NULL,
  `UBICACION` varchar(45) NOT NULL,
  `PARADAS_MIO_ID_PARADA_MIO` int NOT NULL,
  PRIMARY KEY (`ID`),
  KEY `fk_ELEMENTOS_MEDICION_PARADAS_MIO1_idx` (`PARADAS_MIO_ID_PARADA_MIO`),
  CONSTRAINT `fk_ELEMENTOS_MEDICION_PARADAS_MIO1` FOREIGN KEY (`PARADAS_MIO_ID_PARADA_MIO`) REFERENCES `PARADAS_MIO` (`ID_PARADA_MIO`)
) ENGINE=InnoDB DEFAULT CHARSET=latin1;
/*!40101 SET character_set_client = @saved_cs_client */;

--
-- Dumping data for table `ELEMENTOS_MEDICION`
--

LOCK TABLES `ELEMENTOS_MEDICION` WRITE;
/*!40000 ALTER TABLE `ELEMENTOS_MEDICION` DISABLE KEYS */;
INSERT INTO `ELEMENTOS_MEDICION` VALUES (1,'3.356312,-76.520245',1),(2,'3.356210,-76.519227',2),(3,'3.358448,-76.520284',6),(4,'3.358647,-76.518284',5),(5,'3.358358,-76.514476',4),(6,'3.353624,-76.523223',8),(7,'3.358502,-76.517159',3),(8,'3.358874,-76.524034',7),(9,'3.357150,-76.515903',9),(10,'3.358022,-76.514959',10);
/*!40000 ALTER TABLE `ELEMENTOS_MEDICION` ENABLE KEYS */;
UNLOCK TABLES;

--
-- Table structure for table `MEDICIONES`
--

DROP TABLE IF EXISTS `MEDICIONES`;
/*!40101 SET @saved_cs_client     = @@character_set_client */;
/*!50503 SET character_set_client = utf8mb4 */;
CREATE TABLE `MEDICIONES` (
  `ID_MEDICION` int NOT NULL AUTO_INCREMENT,
  `CANTIDAD_PARTICULAS` double NOT NULL,
  `CALIDAD_AIRE` int NOT NULL,
  `FECHA_HORAD` datetime NOT NULL,
  `ELEMENTOS_MEDICION_ID` int NOT NULL,
  PRIMARY KEY (`ID_MEDICION`),
  KEY `fk_MEDICIONES_ELEMENTOS_MEDICION1_idx` (`ELEMENTOS_MEDICION_ID`),
  CONSTRAINT `fk_MEDICIONES_ELEMENTOS_MEDICION1` FOREIGN KEY (`ELEMENTOS_MEDICION_ID`) REFERENCES `ELEMENTOS_MEDICION` (`ID`)
) ENGINE=InnoDB AUTO_INCREMENT=23 DEFAULT CHARSET=latin1;
/*!40101 SET character_set_client = @saved_cs_client */;

--
-- Dumping data for table `MEDICIONES`
--

LOCK TABLES `MEDICIONES` WRITE;
/*!40000 ALTER TABLE `MEDICIONES` DISABLE KEYS */;
INSERT INTO `MEDICIONES` VALUES (2,350200,4,'2020-10-22 16:25:22',1),(3,520000,3,'2020-10-22 16:27:22',1),(4,750000,2,'2020-08-22 16:27:22',1),(5,248000,4,'2020-10-22 21:19:18',2),(6,50000,5,'2020-10-22 21:27:18',3),(7,910000,1,'2020-10-22 21:29:18',4),(8,420000,3,'2020-10-22 21:30:18',5),(9,510000,3,'2020-10-23 01:44:18',6),(10,510000,3,'2020-10-23 01:44:18',6),(11,355000,4,'2020-10-22 07:15:20',7),(12,118000,5,'2020-10-22 07:16:20',8),(13,810000,2,'2020-10-22 07:16:40',9),(14,450000,3,'2020-10-22 07:17:40',10),(15,450000,3,'2020-10-22 07:17:40',10),(16,0.13,5,'2020-11-11 21:45:29',1),(17,0.1,5,'2020-11-11 21:46:19',1),(18,487.31,3,'2020-11-11 23:04:30',1),(19,0.18,5,'2020-11-11 23:18:32',1),(20,707.92,2,'2020-11-11 23:19:14',1),(21,1.03,5,'2020-11-13 09:30:05',1),(22,0.7,5,'2020-11-13 09:31:25',1);
/*!40000 ALTER TABLE `MEDICIONES` ENABLE KEYS */;
UNLOCK TABLES;

--
-- Table structure for table `PARADAS_MIO`
--

DROP TABLE IF EXISTS `PARADAS_MIO`;
/*!40101 SET @saved_cs_client     = @@character_set_client */;
/*!50503 SET character_set_client = utf8mb4 */;
CREATE TABLE `PARADAS_MIO` (
  `ID_PARADA_MIO` int NOT NULL,
  `DIRECCION` varchar(45) NOT NULL,
  `ZONAS_ID_ZONA` int NOT NULL,
  PRIMARY KEY (`ID_PARADA_MIO`),
  KEY `fk_PARADAS_MIO_ZONAS1_idx` (`ZONAS_ID_ZONA`),
  CONSTRAINT `fk_PARADAS_MIO_ZONAS1` FOREIGN KEY (`ZONAS_ID_ZONA`) REFERENCES `ZONAS` (`ID_ZONA`)
) ENGINE=InnoDB DEFAULT CHARSET=latin1;
/*!40101 SET character_set_client = @saved_cs_client */;

--
-- Dumping data for table `PARADAS_MIO`
--

LOCK TABLES `PARADAS_MIO` WRITE;
/*!40000 ALTER TABLE `PARADAS_MIO` DISABLE KEYS */;
INSERT INTO `PARADAS_MIO` VALUES (1,'Calle 42 # 112',1),(2,'Carrera 112 # 44',1),(3,'Calle 48 # 109',1),(4,'Carrera 109 # 50',1),(5,'Carrera 109 # 44',1),(6,'Calle 42 # 111',1),(7,'Calle 25 # 104',1),(8,'Calle 25 # 117',1),(9,'Calle 48 # 111',1),(10,'Calle 49 # 109',1);
/*!40000 ALTER TABLE `PARADAS_MIO` ENABLE KEYS */;
UNLOCK TABLES;

--
-- Table structure for table `USUARIOS`
--

DROP TABLE IF EXISTS `USUARIOS`;
/*!40101 SET @saved_cs_client     = @@character_set_client */;
/*!50503 SET character_set_client = utf8mb4 */;
CREATE TABLE `USUARIOS` (
  `ID_USUARIO` int NOT NULL AUTO_INCREMENT,
  `NOMBRECOMPLE` varchar(45) NOT NULL,
  `CEDULA` varchar(10) NOT NULL,
  `CONTRASENA` varchar(45) NOT NULL,
  `SEXUALIDAD` varchar(1) NOT NULL,
  PRIMARY KEY (`ID_USUARIO`)
) ENGINE=InnoDB AUTO_INCREMENT=3 DEFAULT CHARSET=latin1;
/*!40101 SET character_set_client = @saved_cs_client */;

--
-- Dumping data for table `USUARIOS`
--

LOCK TABLES `USUARIOS` WRITE;
/*!40000 ALTER TABLE `USUARIOS` DISABLE KEYS */;
INSERT INTO `USUARIOS` VALUES (1,'Martín Alejandro Escobar Espinel','1193581153','Chechonito14','m'),(2,'Ashley Helago Veizaga','1144109404','jefecita','f');
/*!40000 ALTER TABLE `USUARIOS` ENABLE KEYS */;
UNLOCK TABLES;

--
-- Table structure for table `ZONAS`
--

DROP TABLE IF EXISTS `ZONAS`;
/*!40101 SET @saved_cs_client     = @@character_set_client */;
/*!50503 SET character_set_client = utf8mb4 */;
CREATE TABLE `ZONAS` (
  `ID_ZONA` int NOT NULL,
  `NOMBREC` varchar(45) NOT NULL,
  PRIMARY KEY (`ID_ZONA`)
) ENGINE=InnoDB DEFAULT CHARSET=latin1;
/*!40101 SET character_set_client = @saved_cs_client */;

--
-- Dumping data for table `ZONAS`
--

LOCK TABLES `ZONAS` WRITE;
/*!40000 ALTER TABLE `ZONAS` DISABLE KEYS */;
INSERT INTO `ZONAS` VALUES (1,'Sur');
/*!40000 ALTER TABLE `ZONAS` ENABLE KEYS */;
UNLOCK TABLES;
/*!40103 SET TIME_ZONE=@OLD_TIME_ZONE */;

/*!40101 SET SQL_MODE=@OLD_SQL_MODE */;
/*!40014 SET FOREIGN_KEY_CHECKS=@OLD_FOREIGN_KEY_CHECKS */;
/*!40014 SET UNIQUE_CHECKS=@OLD_UNIQUE_CHECKS */;
/*!40101 SET CHARACTER_SET_CLIENT=@OLD_CHARACTER_SET_CLIENT */;
/*!40101 SET CHARACTER_SET_RESULTS=@OLD_CHARACTER_SET_RESULTS */;
/*!40101 SET COLLATION_CONNECTION=@OLD_COLLATION_CONNECTION */;
/*!40111 SET SQL_NOTES=@OLD_SQL_NOTES */;

-- Dump completed on 2020-11-18 21:13:16
